<?xml version='1.1' encoding='UTF-8'?>
<com.cloudbees.hudson.plugins.folder.Folder plugin="cloudbees-folder@6.714.v79e858ef76a_2">
  <actions/>
  <description></description>
  <properties>
    <com.cloudbees.hudson.plugins.folder.properties.AuthorizationMatrixProperty>
      <inheritanceStrategy class="org.jenkinsci.plugins.matrixauth.inheritance.InheritParentStrategy"/>
      <permission>com.cloudbees.plugins.credentials.CredentialsProvider.Create:AHERAX1</permission>
      <permission>com.cloudbees.plugins.credentials.CredentialsProvider.Create:CHAURMX1</permission>
      <permission>com.cloudbees.plugins.credentials.CredentialsProvider.Create:DANIEEX6</permission>
      <permission>com.cloudbees.plugins.credentials.CredentialsProvider.Create:EVANSJX5</permission>
      <permission>com.cloudbees.plugins.credentials.CredentialsProvider.Create:HENDEMX1</permission>
      <permission>com.cloudbees.plugins.credentials.CredentialsProvider.Create:KUMARDX169</permission>
      <permission>com.cloudbees.plugins.credentials.CredentialsProvider.Create:LODHAX</permission>
      <permission>com.cloudbees.plugins.credentials.CredentialsProvider.Create:MOTKASX</permission>
      <permission>com.cloudbees.plugins.credentials.CredentialsProvider.Create:NASKASX2</permission>
      <permission>com.cloudbees.plugins.credentials.CredentialsProvider.Create:PAIRX2</permission>
      <permission>com.cloudbees.plugins.credentials.CredentialsProvider.Create:parabvx1</permission>
      <permission>com.cloudbees.plugins.credentials.CredentialsProvider.Create:PARABVX4</permission>
      <permission>com.cloudbees.plugins.credentials.CredentialsProvider.Create:PATELKX41</permission>
      <permission>com.cloudbees.plugins.credentials.CredentialsProvider.Create:PATILPX15</permission>
      <permission>com.cloudbees.plugins.credentials.CredentialsProvider.Create:pereimx18</permission>
      <permission>com.cloudbees.plugins.credentials.CredentialsProvider.Create:PINNARX1</permission>
      <permission>com.cloudbees.plugins.credentials.CredentialsProvider.Create:PITHAYX</permission>
      <permission>com.cloudbees.plugins.credentials.CredentialsProvider.Create:RAISX14</permission>
      <permission>com.cloudbees.plugins.credentials.CredentialsProvider.Create:saiyamx1</permission>
      <permission>com.cloudbees.plugins.credentials.CredentialsProvider.Create:SHARMPX98</permission>
      <permission>com.cloudbees.plugins.credentials.CredentialsProvider.Create:SINGHVX120</permission>
      <permission>com.cloudbees.plugins.credentials.CredentialsProvider.Create:THOMAMX47</permission>
      <permission>com.cloudbees.plugins.credentials.CredentialsProvider.Create:THORAAX1</permission>
      <permission>com.cloudbees.plugins.credentials.CredentialsProvider.Delete:AHERAX1</permission>
      <permission>com.cloudbees.plugins.credentials.CredentialsProvider.Delete:CHAURMX1</permission>
      <permission>com.cloudbees.plugins.credentials.CredentialsProvider.Delete:DANIEEX6</permission>
      <permission>com.cloudbees.plugins.credentials.CredentialsProvider.Delete:EVANSJX5</permission>
      <permission>com.cloudbees.plugins.credentials.CredentialsProvider.Delete:HENDEMX1</permission>
      <permission>com.cloudbees.plugins.credentials.CredentialsProvider.Delete:KUMARDX169</permission>
      <permission>com.cloudbees.plugins.credentials.CredentialsProvider.Delete:LODHAX</permission>
      <permission>com.cloudbees.plugins.credentials.CredentialsProvider.Delete:MOTKASX</permission>
      <permission>com.cloudbees.plugins.credentials.CredentialsProvider.Delete:NASKASX2</permission>
      <permission>com.cloudbees.plugins.credentials.CredentialsProvider.Delete:PAIRX2</permission>
      <permission>com.cloudbees.plugins.credentials.CredentialsProvider.Delete:parabvx1</permission>
      <permission>com.cloudbees.plugins.credentials.CredentialsProvider.Delete:PARABVX4</permission>
      <permission>com.cloudbees.plugins.credentials.CredentialsProvider.Delete:PATELKX41</permission>
      <permission>com.cloudbees.plugins.credentials.CredentialsProvider.Delete:PATILPX15</permission>
      <permission>com.cloudbees.plugins.credentials.CredentialsProvider.Delete:pereimx18</permission>
      <permission>com.cloudbees.plugins.credentials.CredentialsProvider.Delete:PINNARX1</permission>
      <permission>com.cloudbees.plugins.credentials.CredentialsProvider.Delete:PITHAYX</permission>
      <permission>com.cloudbees.plugins.credentials.CredentialsProvider.Delete:RAISX14</permission>
      <permission>com.cloudbees.plugins.credentials.CredentialsProvider.Delete:saiyamx1</permission>
      <permission>com.cloudbees.plugins.credentials.CredentialsProvider.Delete:SHARMPX98</permission>
      <permission>com.cloudbees.plugins.credentials.CredentialsProvider.Delete:SINGHVX120</permission>
      <permission>com.cloudbees.plugins.credentials.CredentialsProvider.Delete:THOMAMX47</permission>
      <permission>com.cloudbees.plugins.credentials.CredentialsProvider.Delete:THORAAX1</permission>
      <permission>com.cloudbees.plugins.credentials.CredentialsProvider.ManageDomains:AHERAX1</permission>
      <permission>com.cloudbees.plugins.credentials.CredentialsProvider.ManageDomains:CHAURMX1</permission>
      <permission>com.cloudbees.plugins.credentials.CredentialsProvider.ManageDomains:DANIEEX6</permission>
      <permission>com.cloudbees.plugins.credentials.CredentialsProvider.ManageDomains:EVANSJX5</permission>
      <permission>com.cloudbees.plugins.credentials.CredentialsProvider.ManageDomains:HENDEMX1</permission>
      <permission>com.cloudbees.plugins.credentials.CredentialsProvider.ManageDomains:KUMARDX169</permission>
      <permission>com.cloudbees.plugins.credentials.CredentialsProvider.ManageDomains:LODHAX</permission>
      <permission>com.cloudbees.plugins.credentials.CredentialsProvider.ManageDomains:MOTKASX</permission>
      <permission>com.cloudbees.plugins.credentials.CredentialsProvider.ManageDomains:NASKASX2</permission>
      <permission>com.cloudbees.plugins.credentials.CredentialsProvider.ManageDomains:PAIRX2</permission>
      <permission>com.cloudbees.plugins.credentials.CredentialsProvider.ManageDomains:parabvx1</permission>
      <permission>com.cloudbees.plugins.credentials.CredentialsProvider.ManageDomains:PARABVX4</permission>
      <permission>com.cloudbees.plugins.credentials.CredentialsProvider.ManageDomains:PATELKX41</permission>
      <permission>com.cloudbees.plugins.credentials.CredentialsProvider.ManageDomains:PATILPX15</permission>
      <permission>com.cloudbees.plugins.credentials.CredentialsProvider.ManageDomains:pereimx18</permission>
      <permission>com.cloudbees.plugins.credentials.CredentialsProvider.ManageDomains:PINNARX1</permission>
      <permission>com.cloudbees.plugins.credentials.CredentialsProvider.ManageDomains:PITHAYX</permission>
      <permission>com.cloudbees.plugins.credentials.CredentialsProvider.ManageDomains:RAISX14</permission>
      <permission>com.cloudbees.plugins.credentials.CredentialsProvider.ManageDomains:saiyamx1</permission>
      <permission>com.cloudbees.plugins.credentials.CredentialsProvider.ManageDomains:SHARMPX98</permission>
      <permission>com.cloudbees.plugins.credentials.CredentialsProvider.ManageDomains:SINGHVX120</permission>
      <permission>com.cloudbees.plugins.credentials.CredentialsProvider.ManageDomains:THOMAMX47</permission>
      <permission>com.cloudbees.plugins.credentials.CredentialsProvider.ManageDomains:THORAAX1</permission>
      <permission>com.cloudbees.plugins.credentials.CredentialsProvider.Update:AHERAX1</permission>
      <permission>com.cloudbees.plugins.credentials.CredentialsProvider.Update:CHAURMX1</permission>
      <permission>com.cloudbees.plugins.credentials.CredentialsProvider.Update:DANIEEX6</permission>
      <permission>com.cloudbees.plugins.credentials.CredentialsProvider.Update:EVANSJX5</permission>
      <permission>com.cloudbees.plugins.credentials.CredentialsProvider.Update:HENDEMX1</permission>
      <permission>com.cloudbees.plugins.credentials.CredentialsProvider.Update:KUMARDX169</permission>
      <permission>com.cloudbees.plugins.credentials.CredentialsProvider.Update:LODHAX</permission>
      <permission>com.cloudbees.plugins.credentials.CredentialsProvider.Update:MOTKASX</permission>
      <permission>com.cloudbees.plugins.credentials.CredentialsProvider.Update:NASKASX2</permission>
      <permission>com.cloudbees.plugins.credentials.CredentialsProvider.Update:PAIRX2</permission>
      <permission>com.cloudbees.plugins.credentials.CredentialsProvider.Update:parabvx1</permission>
      <permission>com.cloudbees.plugins.credentials.CredentialsProvider.Update:PARABVX4</permission>
      <permission>com.cloudbees.plugins.credentials.CredentialsProvider.Update:PATELKX41</permission>
      <permission>com.cloudbees.plugins.credentials.CredentialsProvider.Update:PATILPX15</permission>
      <permission>com.cloudbees.plugins.credentials.CredentialsProvider.Update:pereimx18</permission>
      <permission>com.cloudbees.plugins.credentials.CredentialsProvider.Update:PINNARX1</permission>
      <permission>com.cloudbees.plugins.credentials.CredentialsProvider.Update:PITHAYX</permission>
      <permission>com.cloudbees.plugins.credentials.CredentialsProvider.Update:RAISX14</permission>
      <permission>com.cloudbees.plugins.credentials.CredentialsProvider.Update:saiyamx1</permission>
      <permission>com.cloudbees.plugins.credentials.CredentialsProvider.Update:SHARMPX98</permission>
      <permission>com.cloudbees.plugins.credentials.CredentialsProvider.Update:SINGHVX120</permission>
      <permission>com.cloudbees.plugins.credentials.CredentialsProvider.Update:THOMAMX47</permission>
      <permission>com.cloudbees.plugins.credentials.CredentialsProvider.Update:THORAAX1</permission>
      <permission>com.cloudbees.plugins.credentials.CredentialsProvider.View:AHERAX1</permission>
      <permission>com.cloudbees.plugins.credentials.CredentialsProvider.View:CHAURMX1</permission>
      <permission>com.cloudbees.plugins.credentials.CredentialsProvider.View:DANIEEX6</permission>
      <permission>com.cloudbees.plugins.credentials.CredentialsProvider.View:EVANSJX5</permission>
      <permission>com.cloudbees.plugins.credentials.CredentialsProvider.View:HENDEMX1</permission>
      <permission>com.cloudbees.plugins.credentials.CredentialsProvider.View:KUMARDX169</permission>
      <permission>com.cloudbees.plugins.credentials.CredentialsProvider.View:LODHAX</permission>
      <permission>com.cloudbees.plugins.credentials.CredentialsProvider.View:MOTKASX</permission>
      <permission>com.cloudbees.plugins.credentials.CredentialsProvider.View:NASKASX2</permission>
      <permission>com.cloudbees.plugins.credentials.CredentialsProvider.View:PAIRX2</permission>
      <permission>com.cloudbees.plugins.credentials.CredentialsProvider.View:parabvx1</permission>
      <permission>com.cloudbees.plugins.credentials.CredentialsProvider.View:PARABVX4</permission>
      <permission>com.cloudbees.plugins.credentials.CredentialsProvider.View:PATELKX41</permission>
      <permission>com.cloudbees.plugins.credentials.CredentialsProvider.View:PATILPX15</permission>
      <permission>com.cloudbees.plugins.credentials.CredentialsProvider.View:pereimx18</permission>
      <permission>com.cloudbees.plugins.credentials.CredentialsProvider.View:PINNARX1</permission>
      <permission>com.cloudbees.plugins.credentials.CredentialsProvider.View:PITHAYX</permission>
      <permission>com.cloudbees.plugins.credentials.CredentialsProvider.View:RAISX14</permission>
      <permission>com.cloudbees.plugins.credentials.CredentialsProvider.View:saiyamx1</permission>
      <permission>com.cloudbees.plugins.credentials.CredentialsProvider.View:SHARMPX98</permission>
      <permission>com.cloudbees.plugins.credentials.CredentialsProvider.View:SINGHVX120</permission>
      <permission>com.cloudbees.plugins.credentials.CredentialsProvider.View:THOMAMX47</permission>
      <permission>com.cloudbees.plugins.credentials.CredentialsProvider.View:THORAAX1</permission>
      <permission>hudson.model.Item.Build:AHERAX1</permission>
      <permission>hudson.model.Item.Build:CHAURMX1</permission>
      <permission>hudson.model.Item.Build:DANIEEX6</permission>
      <permission>hudson.model.Item.Build:EVANSJX5</permission>
      <permission>hudson.model.Item.Build:HENDEMX1</permission>
      <permission>hudson.model.Item.Build:KUMARDX169</permission>
      <permission>hudson.model.Item.Build:LODHAX</permission>
      <permission>hudson.model.Item.Build:MOTKASX</permission>
      <permission>hudson.model.Item.Build:NASKASX2</permission>
      <permission>hudson.model.Item.Build:PAIRX2</permission>
      <permission>hudson.model.Item.Build:parabvx1</permission>
      <permission>hudson.model.Item.Build:PARABVX4</permission>
      <permission>hudson.model.Item.Build:PATELKX41</permission>
      <permission>hudson.model.Item.Build:PATILPX15</permission>
      <permission>hudson.model.Item.Build:pereimx18</permission>
      <permission>hudson.model.Item.Build:PINNARX1</permission>
      <permission>hudson.model.Item.Build:PITHAYX</permission>
      <permission>hudson.model.Item.Build:RAISX14</permission>
      <permission>hudson.model.Item.Build:saiyamx1</permission>
      <permission>hudson.model.Item.Build:SHARMPX98</permission>
      <permission>hudson.model.Item.Build:SINGHVX120</permission>
      <permission>hudson.model.Item.Build:THOMAMX47</permission>
      <permission>hudson.model.Item.Build:THORAAX1</permission>
      <permission>hudson.model.Item.Cancel:AHERAX1</permission>
      <permission>hudson.model.Item.Cancel:CHAURMX1</permission>
      <permission>hudson.model.Item.Cancel:DANIEEX6</permission>
      <permission>hudson.model.Item.Cancel:EVANSJX5</permission>
      <permission>hudson.model.Item.Cancel:HENDEMX1</permission>
      <permission>hudson.model.Item.Cancel:KUMARDX169</permission>
      <permission>hudson.model.Item.Cancel:LODHAX</permission>
      <permission>hudson.model.Item.Cancel:MOTKASX</permission>
      <permission>hudson.model.Item.Cancel:NASKASX2</permission>
      <permission>hudson.model.Item.Cancel:PAIRX2</permission>
      <permission>hudson.model.Item.Cancel:parabvx1</permission>
      <permission>hudson.model.Item.Cancel:PARABVX4</permission>
      <permission>hudson.model.Item.Cancel:PATELKX41</permission>
      <permission>hudson.model.Item.Cancel:PATILPX15</permission>
      <permission>hudson.model.Item.Cancel:pereimx18</permission>
      <permission>hudson.model.Item.Cancel:PINNARX1</permission>
      <permission>hudson.model.Item.Cancel:PITHAYX</permission>
      <permission>hudson.model.Item.Cancel:RAISX14</permission>
      <permission>hudson.model.Item.Cancel:saiyamx1</permission>
      <permission>hudson.model.Item.Cancel:SHARMPX98</permission>
      <permission>hudson.model.Item.Cancel:SINGHVX120</permission>
      <permission>hudson.model.Item.Cancel:THOMAMX47</permission>
      <permission>hudson.model.Item.Cancel:THORAAX1</permission>
      <permission>hudson.model.Item.Configure:AHERAX1</permission>
      <permission>hudson.model.Item.Configure:CHAURMX1</permission>
      <permission>hudson.model.Item.Configure:DANIEEX6</permission>
      <permission>hudson.model.Item.Configure:EVANSJX5</permission>
      <permission>hudson.model.Item.Configure:HENDEMX1</permission>
      <permission>hudson.model.Item.Configure:KUMARDX169</permission>
      <permission>hudson.model.Item.Configure:LODHAX</permission>
      <permission>hudson.model.Item.Configure:MOTKASX</permission>
      <permission>hudson.model.Item.Configure:NASKASX2</permission>
      <permission>hudson.model.Item.Configure:PAIRX2</permission>
      <permission>hudson.model.Item.Configure:parabvx1</permission>
      <permission>hudson.model.Item.Configure:PARABVX4</permission>
      <permission>hudson.model.Item.Configure:PATELKX41</permission>
      <permission>hudson.model.Item.Configure:PATILPX15</permission>
      <permission>hudson.model.Item.Configure:pereimx18</permission>
      <permission>hudson.model.Item.Configure:PINNARX1</permission>
      <permission>hudson.model.Item.Configure:PITHAYX</permission>
      <permission>hudson.model.Item.Configure:RAISX14</permission>
      <permission>hudson.model.Item.Configure:saiyamx1</permission>
      <permission>hudson.model.Item.Configure:SHARMPX98</permission>
      <permission>hudson.model.Item.Configure:SINGHVX120</permission>
      <permission>hudson.model.Item.Configure:THOMAMX47</permission>
      <permission>hudson.model.Item.Configure:THORAAX1</permission>
      <permission>hudson.model.Item.Create:AHERAX1</permission>
      <permission>hudson.model.Item.Create:CHAURMX1</permission>
      <permission>hudson.model.Item.Create:DANIEEX6</permission>
      <permission>hudson.model.Item.Create:EVANSJX5</permission>
      <permission>hudson.model.Item.Create:HENDEMX1</permission>
      <permission>hudson.model.Item.Create:KUMARDX169</permission>
      <permission>hudson.model.Item.Create:LODHAX</permission>
      <permission>hudson.model.Item.Create:MOTKASX</permission>
      <permission>hudson.model.Item.Create:NASKASX2</permission>
      <permission>hudson.model.Item.Create:PAIRX2</permission>
      <permission>hudson.model.Item.Create:parabvx1</permission>
      <permission>hudson.model.Item.Create:PARABVX4</permission>
      <permission>hudson.model.Item.Create:PATELKX41</permission>
      <permission>hudson.model.Item.Create:PATILPX15</permission>
      <permission>hudson.model.Item.Create:pereimx18</permission>
      <permission>hudson.model.Item.Create:PINNARX1</permission>
      <permission>hudson.model.Item.Create:PITHAYX</permission>
      <permission>hudson.model.Item.Create:RAISX14</permission>
      <permission>hudson.model.Item.Create:saiyamx1</permission>
      <permission>hudson.model.Item.Create:SHARMPX98</permission>
      <permission>hudson.model.Item.Create:SINGHVX120</permission>
      <permission>hudson.model.Item.Create:THOMAMX47</permission>
      <permission>hudson.model.Item.Create:THORAAX1</permission>
      <permission>hudson.model.Item.Delete:AHERAX1</permission>
      <permission>hudson.model.Item.Delete:CHAURMX1</permission>
      <permission>hudson.model.Item.Delete:DANIEEX6</permission>
      <permission>hudson.model.Item.Delete:EVANSJX5</permission>
      <permission>hudson.model.Item.Delete:HENDEMX1</permission>
      <permission>hudson.model.Item.Delete:KUMARDX169</permission>
      <permission>hudson.model.Item.Delete:LODHAX</permission>
      <permission>hudson.model.Item.Delete:MOTKASX</permission>
      <permission>hudson.model.Item.Delete:NASKASX2</permission>
      <permission>hudson.model.Item.Delete:PAIRX2</permission>
      <permission>hudson.model.Item.Delete:parabvx1</permission>
      <permission>hudson.model.Item.Delete:PARABVX4</permission>
      <permission>hudson.model.Item.Delete:PATELKX41</permission>
      <permission>hudson.model.Item.Delete:PATILPX15</permission>
      <permission>hudson.model.Item.Delete:pereimx18</permission>
      <permission>hudson.model.Item.Delete:PINNARX1</permission>
      <permission>hudson.model.Item.Delete:PITHAYX</permission>
      <permission>hudson.model.Item.Delete:RAISX14</permission>
      <permission>hudson.model.Item.Delete:saiyamx1</permission>
      <permission>hudson.model.Item.Delete:SHARMPX98</permission>
      <permission>hudson.model.Item.Delete:SINGHVX120</permission>
      <permission>hudson.model.Item.Delete:THOMAMX47</permission>
      <permission>hudson.model.Item.Delete:THORAAX1</permission>
      <permission>hudson.model.Item.Discover:AHERAX1</permission>
      <permission>hudson.model.Item.Discover:CHAURMX1</permission>
      <permission>hudson.model.Item.Discover:DANIEEX6</permission>
      <permission>hudson.model.Item.Discover:EVANSJX5</permission>
      <permission>hudson.model.Item.Discover:HENDEMX1</permission>
      <permission>hudson.model.Item.Discover:KUMARDX169</permission>
      <permission>hudson.model.Item.Discover:LODHAX</permission>
      <permission>hudson.model.Item.Discover:MOTKASX</permission>
      <permission>hudson.model.Item.Discover:NASKASX2</permission>
      <permission>hudson.model.Item.Discover:PAIRX2</permission>
      <permission>hudson.model.Item.Discover:parabvx1</permission>
      <permission>hudson.model.Item.Discover:PARABVX4</permission>
      <permission>hudson.model.Item.Discover:PATELKX41</permission>
      <permission>hudson.model.Item.Discover:PATILPX15</permission>
      <permission>hudson.model.Item.Discover:pereimx18</permission>
      <permission>hudson.model.Item.Discover:PINNARX1</permission>
      <permission>hudson.model.Item.Discover:PITHAYX</permission>
      <permission>hudson.model.Item.Discover:RAISX14</permission>
      <permission>hudson.model.Item.Discover:saiyamx1</permission>
      <permission>hudson.model.Item.Discover:SHARMPX98</permission>
      <permission>hudson.model.Item.Discover:SINGHVX120</permission>
      <permission>hudson.model.Item.Discover:THOMAMX47</permission>
      <permission>hudson.model.Item.Discover:THORAAX1</permission>
      <permission>hudson.model.Item.ExtendedRead:AHERAX1</permission>
      <permission>hudson.model.Item.ExtendedRead:CHAURMX1</permission>
      <permission>hudson.model.Item.ExtendedRead:DANIEEX6</permission>
      <permission>hudson.model.Item.ExtendedRead:EVANSJX5</permission>
      <permission>hudson.model.Item.ExtendedRead:HENDEMX1</permission>
      <permission>hudson.model.Item.ExtendedRead:KUMARDX169</permission>
      <permission>hudson.model.Item.ExtendedRead:LODHAX</permission>
      <permission>hudson.model.Item.ExtendedRead:MOTKASX</permission>
      <permission>hudson.model.Item.ExtendedRead:NASKASX2</permission>
      <permission>hudson.model.Item.ExtendedRead:PAIRX2</permission>
      <permission>hudson.model.Item.ExtendedRead:parabvx1</permission>
      <permission>hudson.model.Item.ExtendedRead:PARABVX4</permission>
      <permission>hudson.model.Item.ExtendedRead:PATELKX41</permission>
      <permission>hudson.model.Item.ExtendedRead:PATILPX15</permission>
      <permission>hudson.model.Item.ExtendedRead:pereimx18</permission>
      <permission>hudson.model.Item.ExtendedRead:PINNARX1</permission>
      <permission>hudson.model.Item.ExtendedRead:PITHAYX</permission>
      <permission>hudson.model.Item.ExtendedRead:RAISX14</permission>
      <permission>hudson.model.Item.ExtendedRead:saiyamx1</permission>
      <permission>hudson.model.Item.ExtendedRead:SHARMPX98</permission>
      <permission>hudson.model.Item.ExtendedRead:SINGHVX120</permission>
      <permission>hudson.model.Item.ExtendedRead:THOMAMX47</permission>
      <permission>hudson.model.Item.ExtendedRead:THORAAX1</permission>
      <permission>hudson.model.Item.Move:AHERAX1</permission>
      <permission>hudson.model.Item.Move:CHAURMX1</permission>
      <permission>hudson.model.Item.Move:DANIEEX6</permission>
      <permission>hudson.model.Item.Move:EVANSJX5</permission>
      <permission>hudson.model.Item.Move:HENDEMX1</permission>
      <permission>hudson.model.Item.Move:KUMARDX169</permission>
      <permission>hudson.model.Item.Move:LODHAX</permission>
      <permission>hudson.model.Item.Move:MOTKASX</permission>
      <permission>hudson.model.Item.Move:NASKASX2</permission>
      <permission>hudson.model.Item.Move:PAIRX2</permission>
      <permission>hudson.model.Item.Move:parabvx1</permission>
      <permission>hudson.model.Item.Move:PARABVX4</permission>
      <permission>hudson.model.Item.Move:PATELKX41</permission>
      <permission>hudson.model.Item.Move:PATILPX15</permission>
      <permission>hudson.model.Item.Move:pereimx18</permission>
      <permission>hudson.model.Item.Move:PINNARX1</permission>
      <permission>hudson.model.Item.Move:PITHAYX</permission>
      <permission>hudson.model.Item.Move:RAISX14</permission>
      <permission>hudson.model.Item.Move:saiyamx1</permission>
      <permission>hudson.model.Item.Move:SHARMPX98</permission>
      <permission>hudson.model.Item.Move:SINGHVX120</permission>
      <permission>hudson.model.Item.Move:THOMAMX47</permission>
      <permission>hudson.model.Item.Move:THORAAX1</permission>
      <permission>hudson.model.Item.Read:AHERAX1</permission>
      <permission>hudson.model.Item.Read:CHAURMX1</permission>
      <permission>hudson.model.Item.Read:DANIEEX6</permission>
      <permission>hudson.model.Item.Read:EVANSJX5</permission>
      <permission>hudson.model.Item.Read:HENDEMX1</permission>
      <permission>hudson.model.Item.Read:KUMARDX169</permission>
      <permission>hudson.model.Item.Read:LODHAX</permission>
      <permission>hudson.model.Item.Read:MOTKASX</permission>
      <permission>hudson.model.Item.Read:NASKASX2</permission>
      <permission>hudson.model.Item.Read:PAIRX2</permission>
      <permission>hudson.model.Item.Read:parabvx1</permission>
      <permission>hudson.model.Item.Read:PARABVX4</permission>
      <permission>hudson.model.Item.Read:PATELKX41</permission>
      <permission>hudson.model.Item.Read:PATILPX15</permission>
      <permission>hudson.model.Item.Read:pereimx18</permission>
      <permission>hudson.model.Item.Read:PINNARX1</permission>
      <permission>hudson.model.Item.Read:PITHAYX</permission>
      <permission>hudson.model.Item.Read:RAISX14</permission>
      <permission>hudson.model.Item.Read:saiyamx1</permission>
      <permission>hudson.model.Item.Read:SHARMPX98</permission>
      <permission>hudson.model.Item.Read:SINGHVX120</permission>
      <permission>hudson.model.Item.Read:THOMAMX47</permission>
      <permission>hudson.model.Item.Read:THORAAX1</permission>
      <permission>hudson.model.Item.Workspace:AHERAX1</permission>
      <permission>hudson.model.Item.Workspace:CHAURMX1</permission>
      <permission>hudson.model.Item.Workspace:DANIEEX6</permission>
      <permission>hudson.model.Item.Workspace:EVANSJX5</permission>
      <permission>hudson.model.Item.Workspace:HENDEMX1</permission>
      <permission>hudson.model.Item.Workspace:KUMARDX169</permission>
      <permission>hudson.model.Item.Workspace:LODHAX</permission>
      <permission>hudson.model.Item.Workspace:MOTKASX</permission>
      <permission>hudson.model.Item.Workspace:NASKASX2</permission>
      <permission>hudson.model.Item.Workspace:PAIRX2</permission>
      <permission>hudson.model.Item.Workspace:parabvx1</permission>
      <permission>hudson.model.Item.Workspace:PARABVX4</permission>
      <permission>hudson.model.Item.Workspace:PATELKX41</permission>
      <permission>hudson.model.Item.Workspace:PATILPX15</permission>
      <permission>hudson.model.Item.Workspace:pereimx18</permission>
      <permission>hudson.model.Item.Workspace:PINNARX1</permission>
      <permission>hudson.model.Item.Workspace:PITHAYX</permission>
      <permission>hudson.model.Item.Workspace:RAISX14</permission>
      <permission>hudson.model.Item.Workspace:saiyamx1</permission>
      <permission>hudson.model.Item.Workspace:SHARMPX98</permission>
      <permission>hudson.model.Item.Workspace:SINGHVX120</permission>
      <permission>hudson.model.Item.Workspace:THOMAMX47</permission>
      <permission>hudson.model.Item.Workspace:THORAAX1</permission>
      <permission>hudson.model.Run.Delete:AHERAX1</permission>
      <permission>hudson.model.Run.Delete:CHAURMX1</permission>
      <permission>hudson.model.Run.Delete:DANIEEX6</permission>
      <permission>hudson.model.Run.Delete:EVANSJX5</permission>
      <permission>hudson.model.Run.Delete:HENDEMX1</permission>
      <permission>hudson.model.Run.Delete:KUMARDX169</permission>
      <permission>hudson.model.Run.Delete:LODHAX</permission>
      <permission>hudson.model.Run.Delete:MOTKASX</permission>
      <permission>hudson.model.Run.Delete:NASKASX2</permission>
      <permission>hudson.model.Run.Delete:PAIRX2</permission>
      <permission>hudson.model.Run.Delete:parabvx1</permission>
      <permission>hudson.model.Run.Delete:PARABVX4</permission>
      <permission>hudson.model.Run.Delete:PATELKX41</permission>
      <permission>hudson.model.Run.Delete:PATILPX15</permission>
      <permission>hudson.model.Run.Delete:pereimx18</permission>
      <permission>hudson.model.Run.Delete:PINNARX1</permission>
      <permission>hudson.model.Run.Delete:PITHAYX</permission>
      <permission>hudson.model.Run.Delete:RAISX14</permission>
      <permission>hudson.model.Run.Delete:saiyamx1</permission>
      <permission>hudson.model.Run.Delete:SHARMPX98</permission>
      <permission>hudson.model.Run.Delete:SINGHVX120</permission>
      <permission>hudson.model.Run.Delete:THOMAMX47</permission>
      <permission>hudson.model.Run.Delete:THORAAX1</permission>
      <permission>hudson.model.Run.Replay:AHERAX1</permission>
      <permission>hudson.model.Run.Replay:CHAURMX1</permission>
      <permission>hudson.model.Run.Replay:DANIEEX6</permission>
      <permission>hudson.model.Run.Replay:EVANSJX5</permission>
      <permission>hudson.model.Run.Replay:HENDEMX1</permission>
      <permission>hudson.model.Run.Replay:KUMARDX169</permission>
      <permission>hudson.model.Run.Replay:LODHAX</permission>
      <permission>hudson.model.Run.Replay:MOTKASX</permission>
      <permission>hudson.model.Run.Replay:NASKASX2</permission>
      <permission>hudson.model.Run.Replay:PAIRX2</permission>
      <permission>hudson.model.Run.Replay:parabvx1</permission>
      <permission>hudson.model.Run.Replay:PARABVX4</permission>
      <permission>hudson.model.Run.Replay:PATELKX41</permission>
      <permission>hudson.model.Run.Replay:PATILPX15</permission>
      <permission>hudson.model.Run.Replay:pereimx18</permission>
      <permission>hudson.model.Run.Replay:PINNARX1</permission>
      <permission>hudson.model.Run.Replay:PITHAYX</permission>
      <permission>hudson.model.Run.Replay:RAISX14</permission>
      <permission>hudson.model.Run.Replay:saiyamx1</permission>
      <permission>hudson.model.Run.Replay:SHARMPX98</permission>
      <permission>hudson.model.Run.Replay:SINGHVX120</permission>
      <permission>hudson.model.Run.Replay:THOMAMX47</permission>
      <permission>hudson.model.Run.Replay:THORAAX1</permission>
      <permission>hudson.model.Run.Update:AHERAX1</permission>
      <permission>hudson.model.Run.Update:CHAURMX1</permission>
      <permission>hudson.model.Run.Update:DANIEEX6</permission>
      <permission>hudson.model.Run.Update:EVANSJX5</permission>
      <permission>hudson.model.Run.Update:HENDEMX1</permission>
      <permission>hudson.model.Run.Update:KUMARDX169</permission>
      <permission>hudson.model.Run.Update:LODHAX</permission>
      <permission>hudson.model.Run.Update:MOTKASX</permission>
      <permission>hudson.model.Run.Update:NASKASX2</permission>
      <permission>hudson.model.Run.Update:PAIRX2</permission>
      <permission>hudson.model.Run.Update:parabvx1</permission>
      <permission>hudson.model.Run.Update:PARABVX4</permission>
      <permission>hudson.model.Run.Update:PATELKX41</permission>
      <permission>hudson.model.Run.Update:PATILPX15</permission>
      <permission>hudson.model.Run.Update:pereimx18</permission>
      <permission>hudson.model.Run.Update:PINNARX1</permission>
      <permission>hudson.model.Run.Update:PITHAYX</permission>
      <permission>hudson.model.Run.Update:RAISX14</permission>
      <permission>hudson.model.Run.Update:saiyamx1</permission>
      <permission>hudson.model.Run.Update:SHARMPX98</permission>
      <permission>hudson.model.Run.Update:SINGHVX120</permission>
      <permission>hudson.model.Run.Update:THOMAMX47</permission>
      <permission>hudson.model.Run.Update:THORAAX1</permission>
      <permission>hudson.model.View.Configure:AHERAX1</permission>
      <permission>hudson.model.View.Configure:CHAURMX1</permission>
      <permission>hudson.model.View.Configure:DANIEEX6</permission>
      <permission>hudson.model.View.Configure:EVANSJX5</permission>
      <permission>hudson.model.View.Configure:HENDEMX1</permission>
      <permission>hudson.model.View.Configure:KUMARDX169</permission>
      <permission>hudson.model.View.Configure:LODHAX</permission>
      <permission>hudson.model.View.Configure:MOTKASX</permission>
      <permission>hudson.model.View.Configure:NASKASX2</permission>
      <permission>hudson.model.View.Configure:PAIRX2</permission>
      <permission>hudson.model.View.Configure:parabvx1</permission>
      <permission>hudson.model.View.Configure:PARABVX4</permission>
      <permission>hudson.model.View.Configure:PATELKX41</permission>
      <permission>hudson.model.View.Configure:PATILPX15</permission>
      <permission>hudson.model.View.Configure:pereimx18</permission>
      <permission>hudson.model.View.Configure:PINNARX1</permission>
      <permission>hudson.model.View.Configure:PITHAYX</permission>
      <permission>hudson.model.View.Configure:RAISX14</permission>
      <permission>hudson.model.View.Configure:saiyamx1</permission>
      <permission>hudson.model.View.Configure:SHARMPX98</permission>
      <permission>hudson.model.View.Configure:SINGHVX120</permission>
      <permission>hudson.model.View.Configure:THOMAMX47</permission>
      <permission>hudson.model.View.Configure:THORAAX1</permission>
      <permission>hudson.model.View.Create:AHERAX1</permission>
      <permission>hudson.model.View.Create:CHAURMX1</permission>
      <permission>hudson.model.View.Create:DANIEEX6</permission>
      <permission>hudson.model.View.Create:EVANSJX5</permission>
      <permission>hudson.model.View.Create:HENDEMX1</permission>
      <permission>hudson.model.View.Create:KUMARDX169</permission>
      <permission>hudson.model.View.Create:LODHAX</permission>
      <permission>hudson.model.View.Create:MOTKASX</permission>
      <permission>hudson.model.View.Create:NASKASX2</permission>
      <permission>hudson.model.View.Create:PAIRX2</permission>
      <permission>hudson.model.View.Create:parabvx1</permission>
      <permission>hudson.model.View.Create:PARABVX4</permission>
      <permission>hudson.model.View.Create:PATELKX41</permission>
      <permission>hudson.model.View.Create:PATILPX15</permission>
      <permission>hudson.model.View.Create:pereimx18</permission>
      <permission>hudson.model.View.Create:PINNARX1</permission>
      <permission>hudson.model.View.Create:PITHAYX</permission>
      <permission>hudson.model.View.Create:RAISX14</permission>
      <permission>hudson.model.View.Create:saiyamx1</permission>
      <permission>hudson.model.View.Create:SHARMPX98</permission>
      <permission>hudson.model.View.Create:SINGHVX120</permission>
      <permission>hudson.model.View.Create:THOMAMX47</permission>
      <permission>hudson.model.View.Create:THORAAX1</permission>
      <permission>hudson.model.View.Delete:AHERAX1</permission>
      <permission>hudson.model.View.Delete:CHAURMX1</permission>
      <permission>hudson.model.View.Delete:DANIEEX6</permission>
      <permission>hudson.model.View.Delete:EVANSJX5</permission>
      <permission>hudson.model.View.Delete:HENDEMX1</permission>
      <permission>hudson.model.View.Delete:KUMARDX169</permission>
      <permission>hudson.model.View.Delete:LODHAX</permission>
      <permission>hudson.model.View.Delete:MOTKASX</permission>
      <permission>hudson.model.View.Delete:NASKASX2</permission>
      <permission>hudson.model.View.Delete:PAIRX2</permission>
      <permission>hudson.model.View.Delete:parabvx1</permission>
      <permission>hudson.model.View.Delete:PARABVX4</permission>
      <permission>hudson.model.View.Delete:PATELKX41</permission>
      <permission>hudson.model.View.Delete:PATILPX15</permission>
      <permission>hudson.model.View.Delete:pereimx18</permission>
      <permission>hudson.model.View.Delete:PINNARX1</permission>
      <permission>hudson.model.View.Delete:PITHAYX</permission>
      <permission>hudson.model.View.Delete:RAISX14</permission>
      <permission>hudson.model.View.Delete:saiyamx1</permission>
      <permission>hudson.model.View.Delete:SHARMPX98</permission>
      <permission>hudson.model.View.Delete:SINGHVX120</permission>
      <permission>hudson.model.View.Delete:THOMAMX47</permission>
      <permission>hudson.model.View.Delete:THORAAX1</permission>
      <permission>hudson.model.View.Read:AHERAX1</permission>
      <permission>hudson.model.View.Read:CHAURMX1</permission>
      <permission>hudson.model.View.Read:DANIEEX6</permission>
      <permission>hudson.model.View.Read:EVANSJX5</permission>
      <permission>hudson.model.View.Read:HENDEMX1</permission>
      <permission>hudson.model.View.Read:KUMARDX169</permission>
      <permission>hudson.model.View.Read:LODHAX</permission>
      <permission>hudson.model.View.Read:MOTKASX</permission>
      <permission>hudson.model.View.Read:NASKASX2</permission>
      <permission>hudson.model.View.Read:PAIRX2</permission>
      <permission>hudson.model.View.Read:parabvx1</permission>
      <permission>hudson.model.View.Read:PARABVX4</permission>
      <permission>hudson.model.View.Read:PATELKX41</permission>
      <permission>hudson.model.View.Read:PATILPX15</permission>
      <permission>hudson.model.View.Read:pereimx18</permission>
      <permission>hudson.model.View.Read:PINNARX1</permission>
      <permission>hudson.model.View.Read:PITHAYX</permission>
      <permission>hudson.model.View.Read:RAISX14</permission>
      <permission>hudson.model.View.Read:saiyamx1</permission>
      <permission>hudson.model.View.Read:SHARMPX98</permission>
      <permission>hudson.model.View.Read:SINGHVX120</permission>
      <permission>hudson.model.View.Read:THOMAMX47</permission>
      <permission>hudson.model.View.Read:THORAAX1</permission>
      <permission>hudson.scm.SCM.Tag:AHERAX1</permission>
      <permission>hudson.scm.SCM.Tag:CHAURMX1</permission>
      <permission>hudson.scm.SCM.Tag:DANIEEX6</permission>
      <permission>hudson.scm.SCM.Tag:EVANSJX5</permission>
      <permission>hudson.scm.SCM.Tag:HENDEMX1</permission>
      <permission>hudson.scm.SCM.Tag:KUMARDX169</permission>
      <permission>hudson.scm.SCM.Tag:LODHAX</permission>
      <permission>hudson.scm.SCM.Tag:MOTKASX</permission>
      <permission>hudson.scm.SCM.Tag:NASKASX2</permission>
      <permission>hudson.scm.SCM.Tag:PAIRX2</permission>
      <permission>hudson.scm.SCM.Tag:parabvx1</permission>
      <permission>hudson.scm.SCM.Tag:PARABVX4</permission>
      <permission>hudson.scm.SCM.Tag:PATELKX41</permission>
      <permission>hudson.scm.SCM.Tag:PATILPX15</permission>
      <permission>hudson.scm.SCM.Tag:pereimx18</permission>
      <permission>hudson.scm.SCM.Tag:PINNARX1</permission>
      <permission>hudson.scm.SCM.Tag:PITHAYX</permission>
      <permission>hudson.scm.SCM.Tag:RAISX14</permission>
      <permission>hudson.scm.SCM.Tag:saiyamx1</permission>
      <permission>hudson.scm.SCM.Tag:SHARMPX98</permission>
      <permission>hudson.scm.SCM.Tag:SINGHVX120</permission>
      <permission>hudson.scm.SCM.Tag:THOMAMX47</permission>
      <permission>hudson.scm.SCM.Tag:THORAAX1</permission>
    </com.cloudbees.hudson.plugins.folder.properties.AuthorizationMatrixProperty>
    <com.cloudbees.hudson.plugins.folder.properties.FolderCredentialsProvider_-FolderCredentialsProperty>
      <domainCredentialsMap class="hudson.util.CopyOnWriteMap$Hash">
        <entry>
          <com.cloudbees.plugins.credentials.domains.Domain plugin="credentials@1087.1089.v2f1b_9a_b_040e4">
            <specifications/>
          </com.cloudbees.plugins.credentials.domains.Domain>
          <java.util.concurrent.CopyOnWriteArrayList/>
        </entry>
      </domainCredentialsMap>
    </com.cloudbees.hudson.plugins.folder.properties.FolderCredentialsProvider_-FolderCredentialsProperty>
    <org.jenkinsci.plugins.docker.workflow.declarative.FolderConfig plugin="docker-workflow@1.28">
      <dockerLabel></dockerLabel>
      <registry plugin="docker-commons@1.19"/>
    </org.jenkinsci.plugins.docker.workflow.declarative.FolderConfig>
    <org.jenkinsci.plugins.pipeline.maven.MavenConfigFolderOverrideProperty plugin="pipeline-maven@3.10.0">
      <settings class="jenkins.mvn.DefaultSettingsProvider"/>
      <globalSettings class="jenkins.mvn.DefaultGlobalSettingsProvider"/>
      <override>false</override>
    </org.jenkinsci.plugins.pipeline.maven.MavenConfigFolderOverrideProperty>
  </properties>
  <folderViews class="com.cloudbees.hudson.plugins.folder.views.DefaultFolderViewHolder">
    <views>
      <hudson.model.AllView>
        <owner class="com.cloudbees.hudson.plugins.folder.Folder" reference="../../../.."/>
        <name>All</name>
        <filterExecutors>false</filterExecutors>
        <filterQueue>false</filterQueue>
        <properties class="hudson.model.View$PropertyList"/>
      </hudson.model.AllView>
    </views>
    <tabBar class="hudson.views.DefaultViewsTabBar"/>
  </folderViews>
  <healthMetrics>
    <com.cloudbees.hudson.plugins.folder.health.WorstChildHealthMetric>
      <nonRecursive>false</nonRecursive>
    </com.cloudbees.hudson.plugins.folder.health.WorstChildHealthMetric>
  </healthMetrics>
  <icon class="com.cloudbees.hudson.plugins.folder.icons.StockFolderIcon"/>
</com.cloudbees.hudson.plugins.folder.Folder>