<?xml version='1.1' encoding='UTF-8'?>
<com.cloudbees.hudson.plugins.folder.Folder plugin="cloudbees-folder@6.714.v79e858ef76a_2">
  <actions/>
  <description></description>
  <properties>
    <com.cloudbees.hudson.plugins.folder.properties.AuthorizationMatrixProperty>
      <inheritanceStrategy class="org.jenkinsci.plugins.matrixauth.inheritance.InheritParentStrategy"/>
      <permission>com.cloudbees.plugins.credentials.CredentialsProvider.Create:PASIKSX</permission>
      <permission>com.cloudbees.plugins.credentials.CredentialsProvider.Delete:PASIKSX</permission>
      <permission>com.cloudbees.plugins.credentials.CredentialsProvider.ManageDomains:PASIKSX</permission>
      <permission>com.cloudbees.plugins.credentials.CredentialsProvider.Update:PASIKSX</permission>
      <permission>com.cloudbees.plugins.credentials.CredentialsProvider.View:PASIKSX</permission>
      <permission>hudson.model.Item.Build:PASIKSX</permission>
      <permission>hudson.model.Item.Cancel:PASIKSX</permission>
      <permission>hudson.model.Item.Configure:PASIKSX</permission>
      <permission>hudson.model.Item.Create:PASIKSX</permission>
      <permission>hudson.model.Item.Delete:PASIKSX</permission>
      <permission>hudson.model.Item.Discover:PASIKSX</permission>
      <permission>hudson.model.Item.Move:PASIKSX</permission>
      <permission>hudson.model.Item.Read:PASIKSX</permission>
      <permission>hudson.model.Item.Workspace:PASIKSX</permission>
      <permission>hudson.model.Run.Delete:PASIKSX</permission>
      <permission>hudson.model.Run.Replay:PASIKSX</permission>
      <permission>hudson.model.Run.Update:PASIKSX</permission>
      <permission>hudson.model.View.Configure:PASIKSX</permission>
      <permission>hudson.model.View.Create:PASIKSX</permission>
      <permission>hudson.model.View.Delete:PASIKSX</permission>
      <permission>hudson.model.View.Read:PASIKSX</permission>
      <permission>hudson.scm.SCM.Tag:PASIKSX</permission>
    </com.cloudbees.hudson.plugins.folder.properties.AuthorizationMatrixProperty>
    <com.cloudbees.hudson.plugins.folder.properties.FolderCredentialsProvider_-FolderCredentialsProperty>
      <domainCredentialsMap class="hudson.util.CopyOnWriteMap$Hash">
        <entry>
          <com.cloudbees.plugins.credentials.domains.Domain plugin="credentials@1087.1089.v2f1b_9a_b_040e4">
            <specifications/>
          </com.cloudbees.plugins.credentials.domains.Domain>
          <java.util.concurrent.CopyOnWriteArrayList>
            <com.cloudbees.plugins.credentials.impl.UsernamePasswordCredentialsImpl plugin="credentials@1087.1089.v2f1b_9a_b_040e4">
              <id>61bffc9b-8107-48b6-b98f-c64727194d27</id>
              <description></description>
              <username>rupesh.gaikwad1@abbott.com</username>
              <password>{AQAAABAAAAAQPNNd6F4+6tCgqyP+cI9N3U/2uE/W8q6ppz82OWov3eI=}</password>
            </com.cloudbees.plugins.credentials.impl.UsernamePasswordCredentialsImpl>
          </java.util.concurrent.CopyOnWriteArrayList>
        </entry>
      </domainCredentialsMap>
    </com.cloudbees.hudson.plugins.folder.properties.FolderCredentialsProvider_-FolderCredentialsProperty>
    <org.jenkinsci.plugins.docker.workflow.declarative.FolderConfig plugin="docker-workflow@1.28">
      <dockerLabel></dockerLabel>
      <registry plugin="docker-commons@1.19"/>
    </org.jenkinsci.plugins.docker.workflow.declarative.FolderConfig>
    <org.jenkinsci.plugins.pipeline.maven.MavenConfigFolderOverrideProperty plugin="pipeline-maven@3.10.0">
      <settings class="jenkins.mvn.DefaultSettingsProvider"/>
      <globalSettings class="jenkins.mvn.DefaultGlobalSettingsProvider"/>
      <override>false</override>
    </org.jenkinsci.plugins.pipeline.maven.MavenConfigFolderOverrideProperty>
  </properties>
  <folderViews class="com.cloudbees.hudson.plugins.folder.views.DefaultFolderViewHolder">
    <views>
      <hudson.model.AllView>
        <owner class="com.cloudbees.hudson.plugins.folder.Folder" reference="../../../.."/>
        <name>All</name>
        <filterExecutors>false</filterExecutors>
        <filterQueue>false</filterQueue>
        <properties class="hudson.model.View$PropertyList"/>
      </hudson.model.AllView>
    </views>
    <tabBar class="hudson.views.DefaultViewsTabBar"/>
  </folderViews>
  <healthMetrics>
    <com.cloudbees.hudson.plugins.folder.health.WorstChildHealthMetric>
      <nonRecursive>false</nonRecursive>
    </com.cloudbees.hudson.plugins.folder.health.WorstChildHealthMetric>
  </healthMetrics>
  <icon class="com.cloudbees.hudson.plugins.folder.icons.StockFolderIcon"/>
</com.cloudbees.hudson.plugins.folder.Folder>