<?xml version='1.1' encoding='UTF-8'?>
<com.cloudbees.hudson.plugins.folder.Folder plugin="cloudbees-folder@6.714.v79e858ef76a_2">
  <actions/>
  <description></description>
  <properties>
    <com.cloudbees.hudson.plugins.folder.properties.AuthorizationMatrixProperty>
      <inheritanceStrategy class="org.jenkinsci.plugins.matrixauth.inheritance.InheritParentStrategy"/>
      <permission>com.cloudbees.plugins.credentials.CredentialsProvider.Create:FERIADX</permission>
      <permission>com.cloudbees.plugins.credentials.CredentialsProvider.Delete:FERIADX</permission>
      <permission>com.cloudbees.plugins.credentials.CredentialsProvider.ManageDomains:FERIADX</permission>
      <permission>com.cloudbees.plugins.credentials.CredentialsProvider.Update:FERIADX</permission>
      <permission>com.cloudbees.plugins.credentials.CredentialsProvider.View:FERIADX</permission>
      <permission>hudson.model.Item.Build:FERIADX</permission>
      <permission>hudson.model.Item.Cancel:FERIADX</permission>
      <permission>hudson.model.Item.Configure:FERIADX</permission>
      <permission>hudson.model.Item.Create:FERIADX</permission>
      <permission>hudson.model.Item.Delete:FERIADX</permission>
      <permission>hudson.model.Item.Discover:FERIADX</permission>
      <permission>hudson.model.Item.ExtendedRead:FERIADX</permission>
      <permission>hudson.model.Item.Move:FERIADX</permission>
      <permission>hudson.model.Item.Read:FERIADX</permission>
      <permission>hudson.model.Item.Workspace:FERIADX</permission>
      <permission>hudson.model.Run.Delete:FERIADX</permission>
      <permission>hudson.model.Run.Replay:FERIADX</permission>
      <permission>hudson.model.Run.Update:FERIADX</permission>
      <permission>hudson.model.View.Configure:FERIADX</permission>
      <permission>hudson.model.View.Create:FERIADX</permission>
      <permission>hudson.model.View.Delete:FERIADX</permission>
      <permission>hudson.model.View.Read:FERIADX</permission>
      <permission>hudson.scm.SCM.Tag:FERIADX</permission>
    </com.cloudbees.hudson.plugins.folder.properties.AuthorizationMatrixProperty>
    <org.jenkinsci.plugins.docker.workflow.declarative.FolderConfig plugin="docker-workflow@1.28">
      <dockerLabel></dockerLabel>
      <registry plugin="docker-commons@1.19"/>
    </org.jenkinsci.plugins.docker.workflow.declarative.FolderConfig>
    <org.jenkinsci.plugins.pipeline.maven.MavenConfigFolderOverrideProperty plugin="pipeline-maven@3.10.0">
      <settings class="jenkins.mvn.DefaultSettingsProvider"/>
      <globalSettings class="jenkins.mvn.DefaultGlobalSettingsProvider"/>
      <override>false</override>
    </org.jenkinsci.plugins.pipeline.maven.MavenConfigFolderOverrideProperty>
  </properties>
  <folderViews class="com.cloudbees.hudson.plugins.folder.views.DefaultFolderViewHolder">
    <views>
      <hudson.model.AllView>
        <owner class="com.cloudbees.hudson.plugins.folder.Folder" reference="../../../.."/>
        <name>All</name>
        <filterExecutors>false</filterExecutors>
        <filterQueue>false</filterQueue>
        <properties class="hudson.model.View$PropertyList"/>
      </hudson.model.AllView>
    </views>
    <tabBar class="hudson.views.DefaultViewsTabBar"/>
  </folderViews>
  <healthMetrics>
    <com.cloudbees.hudson.plugins.folder.health.WorstChildHealthMetric>
      <nonRecursive>false</nonRecursive>
    </com.cloudbees.hudson.plugins.folder.health.WorstChildHealthMetric>
  </healthMetrics>
  <icon class="com.cloudbees.hudson.plugins.folder.icons.StockFolderIcon"/>
</com.cloudbees.hudson.plugins.folder.Folder>